2026-08-01T04:02:48,431830
2026-08-01T07:08:38,431840
2026-08-01T09:34:01,431854
2026-08-01T11:03:30,431863
2026-08-01T12:35:29,431874
2026-08-01T14:11:16,431886
2026-08-01T15:40:23,431892
2026-08-01T17:37:38,431902
2026-08-01T19:48:44,431912
2026-08-01T21:32:03,431916
2026-08-01T22:32:32,431919
2026-08-01T23:35:46,431922
2026-08-02T01:14:27,431929
2026-08-02T04:58:19,431942
2026-08-02T07:51:10,431954
2026-08-02T10:16:45,431963
2026-08-02T11:43:44,431968
2026-08-02T14:11:00,431979
2026-08-02T15:41:42,431987
2026-08-02T17:39:20,431993
2026-08-02T19:48:02,432009
2026-08-02T21:30:32,432014
2026-08-02T22:32:59,432018
2026-08-02T23:37:12,432020
2026-08-03T04:18:19,432034
2026-08-03T08:00:27,432059
2026-08-03T11:59:13,432078
2026-08-03T15:28:08,432097
2026-08-03T17:26:25,432108
2026-08-03T19:08:32,432113
2026-08-03T20:45:13,432119
2026-08-03T22:36:14,432133
2026-08-04T01:03:09,432143
2026-08-04T04:46:47,432153
2026-08-04T08:04:40,432169
2026-08-04T11:06:21,432190
2026-08-04T13:19:33,432208
2026-08-04T15:58:31,432225
2026-08-04T18:15:00,432238
2026-08-04T20:10:48,432252
2026-08-04T21:51:18,432261
2026-08-04T23:37:22,432266
2026-08-05T03:46:29,432278
2026-08-05T07:20:06,432288
2026-08-05T10:13:03,432304
2026-08-05T12:24:49,432314
2026-08-05T14:58:31,432328
2026-08-05T17:06:31,432333
2026-08-05T19:04:04,432348
2026-08-05T20:45:05,432352
2026-08-05T22:38:33,432359
2026-08-06T00:59:33,432363
2026-08-06T04:47:11,432373
2026-08-06T08:03:40,432387
2026-08-06T11:03:47,432397
2026-08-06T13:13:03,432407
2026-08-07T00:27:09,432458
2026-08-07T03:34:13,432467
2026-08-07T05:21:21,432470
2026-08-07T06:50:30,432474
2026-08-07T08:36:19,432482
2026-08-07T10:29:25,432488
2026-08-07T11:26:51,432493
2026-08-07T12:25:04,432499
2026-08-07T13:55:03,432507
2026-08-07T15:30:10,432513
2026-08-07T16:28:43,432515
2026-08-07T17:28:36,432521
2026-08-07T18:26:31,432528
2026-08-07T19:35:44,432535
2026-08-07T20:20:32,432539
2026-08-07T21:19:11,432543
