2026-01-01T02:56:38,359305
2026-01-01T04:35:32,359308
2026-01-01T05:04:40,359308
2026-01-01T05:53:10,359310
2026-01-01T06:58:13,359314
2026-01-01T07:46:43,359316
2026-01-01T08:55:34,359320
2026-01-01T09:49:55,359321
2026-01-01T10:51:12,359325
2026-01-01T11:45:25,359328
2026-01-01T13:19:22,359331
2026-01-01T13:52:27,359332
2026-01-01T14:49:46,359336
2026-01-01T15:47:54,359338
2026-01-01T16:53:59,359341
2026-01-01T17:47:11,359347
2026-01-01T18:55:08,359349
2026-01-01T19:44:16,359354
2026-01-01T20:49:16,359357
2026-01-01T21:46:03,359365
2026-01-01T22:49:07,359367
2026-01-01T23:46:29,359371
2026-01-02T02:33:42,359379
2026-01-02T03:53:55,359379
2026-01-02T05:00:51,359379
2026-01-02T05:51:36,359381
2026-01-02T06:58:50,359385
2026-01-02T07:47:40,359389
2026-01-02T08:56:05,359392
2026-01-02T09:50:12,359396
2026-01-02T10:49:38,359400
2026-01-02T11:44:40,359402
2026-01-02T13:18:49,359407
2026-01-02T13:52:03,359409
2026-01-02T14:50:00,359415
2026-01-02T15:49:01,359418
2026-01-02T16:53:11,359423
2026-01-02T17:46:25,359427
2026-01-02T18:54:41,359431
2026-01-02T19:44:22,359438
2026-01-02T20:48:58,359441
2026-01-02T21:44:45,359448
2026-01-02T22:49:14,359450
2026-01-02T23:45:47,359453
2026-01-03T02:26:47,359457
2026-01-03T03:45:00,359460
2026-01-03T04:55:34,359463
2026-01-03T05:49:13,359464
2026-01-03T06:55:32,359466
2026-01-03T07:45:04,359469
2026-01-03T08:52:48,359472
2026-01-03T09:46:23,359473
2026-01-03T10:48:28,359476
2026-01-03T11:44:11,359477
2026-01-03T13:15:05,359483
2026-01-03T13:48:25,359483
2026-01-03T14:46:58,359487
2026-01-03T15:45:34,359493
2026-01-03T16:51:37,359497
2026-01-03T17:45:47,359501
2026-01-03T18:53:33,359504
2026-01-03T19:44:06,359508
2026-01-03T20:48:22,359510
2026-01-03T21:45:05,359513
2026-01-03T22:48:08,359516
2026-01-03T23:46:01,359519
2026-01-04T02:58:24,359527
2026-01-04T04:36:03,359532
2026-01-04T05:05:17,359533
2026-01-04T05:51:56,359536
2026-01-04T06:56:46,359536
2026-01-04T07:46:01,359538
2026-01-04T08:53:00,359540
2026-01-04T09:45:53,359541
2026-01-04T10:48:34,359542
2026-01-04T11:44:17,359546
2026-01-04T13:15:43,359549
2026-01-04T13:48:47,359553
2026-01-04T14:46:52,359557
2026-01-04T15:45:52,359562
2026-01-04T16:51:11,359567
2026-01-04T17:45:59,359568
2026-01-04T18:53:25,359569
2026-01-04T19:43:58,359569
2026-01-04T20:48:50,359579
2026-01-04T21:45:25,359582
2026-01-04T22:48:45,359586
2026-01-04T23:46:50,359591
2026-01-05T02:59:30,359600
2026-01-05T04:43:49,359604
2026-01-05T05:58:57,359609
2026-01-05T07:04:30,359610
2026-01-05T07:51:20,359612
2026-01-05T08:59:33,359617
2026-01-05T09:56:00,359624
2026-01-05T10:54:27,359626
2026-01-05T11:47:05,359627
2026-01-05T13:25:11,359632
2026-01-05T13:58:44,359634
2026-01-05T14:54:42,359642
2026-01-05T15:51:31,359645
2026-01-05T16:56:00,359649
2026-01-05T17:51:10,359655
2026-01-05T18:58:11,359658
2026-01-05T19:45:43,359665
2026-01-05T20:51:04,359670
2026-01-05T21:48:01,359671
2026-01-05T22:50:36,359675
2026-01-05T23:46:47,359679
2026-01-06T02:33:10,359683
2026-01-06T03:51:39,359685
2026-01-06T05:00:02,359686
2026-01-06T05:52:01,359687
2026-01-06T07:00:35,359691
2026-01-06T07:49:29,359691
2026-01-06T08:57:58,359694
2026-01-06T09:52:02,359697
2026-01-06T10:53:33,359701
2026-01-06T11:46:03,359704
2026-01-06T13:22:22,359714
2026-01-06T13:56:41,359716
2026-01-06T14:53:49,359721
2026-01-06T15:51:07,359726
2026-01-06T16:58:16,359730
2026-01-06T17:51:05,359734
2026-01-06T18:55:33,359739
2026-01-06T19:45:46,359743
2026-01-06T20:48:43,359748
2026-01-06T21:48:21,359754
2026-01-06T22:50:58,359766
2026-01-06T23:45:37,359772
2026-01-07T02:33:08,359777
2026-01-07T03:52:02,359782
2026-01-07T05:00:57,359782
2026-01-07T05:51:54,359783
2026-01-07T06:59:26,359788
2026-01-07T07:49:16,359790
2026-01-07T08:58:53,359794
2026-01-07T09:52:43,359801
2026-01-07T10:53:02,359806
2026-01-07T11:47:04,359806
2026-01-07T13:23:52,359813
2026-01-07T13:58:19,359818
2026-01-07T14:54:53,359822
2026-01-07T15:53:07,359824
2026-01-07T16:59:01,359828
2026-01-07T17:52:35,359832
2026-01-07T18:58:34,359835
2026-01-07T19:46:12,359839
2026-01-07T20:52:43,359848
2026-01-07T21:47:52,359849
2026-01-07T22:50:24,359855
2026-01-07T23:47:21,359858
2026-01-08T02:33:13,359866
2026-01-08T03:51:58,359878
2026-01-08T05:00:11,359881
2026-01-08T05:52:11,359884
2026-01-08T06:59:38,359890
2026-01-08T07:48:42,359902
2026-01-08T08:58:33,359908
2026-01-08T09:53:23,359918
2026-01-08T10:53:48,359925
2026-01-08T11:48:19,359931
2026-01-08T13:24:53,359938
2026-01-08T13:59:27,359943
2026-01-08T14:56:09,359951
2026-01-08T15:53:29,359957
2026-01-08T16:59:36,359968
2026-01-08T17:54:06,359973
2026-01-08T18:56:27,359981
2026-01-08T19:45:51,359986
2026-01-08T20:50:58,359994
2026-01-08T21:48:14,360002
2026-01-08T22:50:55,360009
2026-01-08T23:45:53,360013
2026-01-09T02:33:59,360023
2026-01-09T03:52:12,360025
2026-01-09T05:00:35,360026
2026-01-09T05:52:12,360029
2026-01-09T06:59:37,360031
2026-01-09T07:49:04,360034
2026-01-09T08:58:19,360041
2026-01-09T09:53:34,360047
2026-01-09T10:52:42,360052
2026-01-09T11:46:59,360061
2026-01-09T13:23:24,360075
2026-01-09T13:57:03,360078
2026-01-09T14:53:34,360083
2026-01-09T15:51:18,360088
2026-01-09T16:57:40,360096
2026-01-09T17:50:34,360106
2026-01-09T18:57:41,360109
2026-01-09T19:45:23,360115
2026-01-09T20:50:19,360122
2026-01-09T21:47:55,360136
2026-01-09T22:49:59,360146
2026-01-09T23:47:17,360151
2026-01-10T02:29:08,360161
2026-01-10T03:46:32,360161
2026-01-10T04:56:57,360163
2026-01-10T05:48:07,360165
2026-01-10T06:55:34,360166
2026-01-10T07:45:08,360167
2026-01-10T08:52:35,360168
2026-01-10T09:46:29,360170
2026-01-10T10:48:17,360176
2026-01-10T11:44:51,360178
2026-01-10T13:15:32,360182
2026-01-10T13:48:22,360182
2026-01-10T14:47:47,360183
2026-01-10T15:46:22,360187
2026-01-10T16:51:11,360189
2026-01-10T17:45:36,360191
2026-01-10T18:54:13,360204
2026-01-10T19:44:08,360206
2026-01-10T20:47:55,360211
2026-01-10T21:44:57,360215
2026-01-10T22:48:25,360220
2026-01-10T23:46:05,360225
2026-01-11T02:57:40,360230
2026-01-11T04:35:35,360233
2026-01-11T05:04:06,360234
2026-01-11T05:51:41,360234
2026-01-11T06:56:55,360239
2026-01-11T07:45:50,360240
2026-01-11T08:52:44,360242
2026-01-11T09:47:16,360244
2026-01-11T10:49:33,360246
2026-01-11T11:44:46,360250
2026-01-11T13:16:05,360256
2026-01-11T13:49:51,360259
2026-01-11T14:48:03,360263
2026-01-11T15:46:21,360266
2026-01-11T16:51:47,360272
2026-01-11T17:45:51,360278
2026-01-11T18:53:41,360286
2026-01-11T19:44:01,360293
2026-01-11T20:48:32,360300
2026-01-11T21:45:16,360303
2026-01-11T22:48:29,360308
2026-01-11T23:46:33,360310
2026-01-12T02:54:22,360322
2026-01-12T04:37:48,360324
2026-01-12T05:55:10,360325
2026-01-12T07:02:25,360330
2026-01-12T07:51:00,360331
2026-01-12T09:00:09,360334
2026-01-12T09:56:16,360335
2026-01-12T10:54:39,360335
2026-01-12T11:47:50,360337
2026-01-12T13:26:54,360347
2026-01-12T14:00:12,360349
2026-01-12T14:57:05,360352
2026-01-12T15:54:01,360354
2026-01-12T16:57:54,360360
2026-01-12T17:48:15,360370
2026-01-12T18:59:01,360377
2026-01-12T19:45:33,360381
2026-01-12T20:51:23,360392
2026-01-12T21:48:34,360397
2026-01-12T22:48:43,360401
2026-01-12T23:45:41,360404
2026-01-13T02:31:45,360415
2026-01-13T03:51:46,360416
2026-01-13T05:01:09,360420
2026-01-13T05:51:28,360420
2026-01-13T07:00:02,360421
2026-01-13T07:48:37,360425
2026-01-13T08:58:59,360433
2026-01-13T09:53:24,360440
2026-01-13T10:53:49,360441
2026-01-13T11:47:57,360443
2026-01-13T13:25:44,360449
2026-01-13T13:59:39,360451
2026-01-13T14:56:48,360453
2026-01-13T15:54:11,360455
2026-01-13T17:00:23,360466
2026-01-13T17:54:01,360470
2026-01-13T18:57:42,360473
2026-01-13T19:44:02,360475
2026-01-13T20:51:44,360481
2026-01-13T21:49:33,360483
2026-01-13T22:51:45,360488
2026-01-13T23:46:47,360489
2026-01-14T02:52:44,360491
2026-01-14T04:35:13,360492
2026-01-14T05:03:57,360494
2026-01-14T05:52:27,360494
2026-01-14T06:59:15,360496
2026-01-14T07:49:51,360501
2026-01-14T08:58:59,360503
2026-01-14T09:53:49,360506
2026-01-14T10:55:02,360509
2026-01-14T11:48:18,360512
2026-01-14T13:25:44,360515
2026-01-14T13:59:29,360516
2026-01-14T14:56:12,360521
2026-01-14T15:51:14,360527
2026-01-14T17:00:08,360530
2026-01-14T17:53:31,360535
2026-01-14T18:58:17,360538
